221,1286,1715,1355,830,1710,1924
1093,1632,226,1906,803,190
1387,213,1942,453,436,1800,780,1838,1712
1853,396,1707,588,312,1402,1990
1644,1693,1490,1666
1097,1577,713,257,1483,552,393
126,189,626,524,99,1030,1781
321,367,616,1877,582
455,928,309,106,1596,1610,796,1813,1962
108,1382,1586,1111,998,569,346
42,1862,589,1646,1915,1957,1643,530
1178,1817,1104,1050,1318,727
1501,148,1182,144,869,1591
885,514,1530,1077,256,1483,1784,226
91,1233,373,30,667,93,470,1106
1484,1968,905,226,1205,1504,1420,330,1575
1674,0,1417,1120,1147,527
700,1029,1058,1119,455,1488,932,847,1081
323,1369,1114,804,1641
1107,1758,1091,1800,598,1787,996
1649,1169,728,1657,211,1089,450,1886,1614
1853,1230,602,360,1382,1042,764,246
1768,151,533,806
1173,953,809,627,1378,1687
1890,1369,1203
1729,163,1697,460,33,503,1502,1628,652,971
1062,88,935,1426,1251,624
989,1716,58,38,1691,661,1313,1139,1724
618,883,1399,62
689,1831,1674,1571,857,1899,1418
631,1833,511,1904,1091,1538,499,813,892
1772,478,825,876,1742
323,1366,141,1647,383,926,104
272,1289,1632,974,1182,1533,1226,512
246,1087,458,1551,330,1647
1298,419,1225,607,325,1355,1431,1969,1301
1578,1067,1334,403,1128,1496
1930,664,1214,168,246,387,1264,1274,616
677,827,121,1642,660,618
1815,1791,1374,1750,532,1240
620,512,720,110
63,1225,728,381,1911,1983,374
301,1339,1361,1395,339,1541
92,1289,1287,673,126,115,685,1657,701
1278,1144,767,925,1137,123
597,1244,336,442,1626,1134,1583,464
1848,514,1689,450,1102,1574,1414,754
115,1085,1489
523,1388,877,625,1685,339,1427
34,685,1599,1941,689,1896,1214,1216,686
404,788,1407,1065,134,1424,1003,924,1531
849,149,64,1258,1908,843,470,1904
885,1634,1049,1750,487,1001,1466,220,1882,1997
1178,62,592,730,1945,1037,953,50,738,67
1622,283,637,1405,885,1789,1188,1642,650
1692,178,215,1136,1466,751,1624,603,1321
396,71,1384,769,285
313,181,39,488,156,428,654,1656,636,177
1757,1230,1943,1085,880,49,821,503,528
978,1441,544,1701,1816,815
567,265,392,1565,185,1170
1491,1336,576,1079,1255,508,225,1281,1983,649
1855,791,1908,1964
1790,199,2,1390,457,203,269,573,1816
1205,1612,1351,1881,334,1348,1928,357,499
1629,487,506,31,459,1676
1699,1766,940,1647,1772,597,680
763,1892,1824,506,1532,1915,84,1576,168,1206
1981,444,1371,1278,1123,330
1369,517,1049,1925,1815,1881,626
712,467,342,694,493,99,116
605,1530,567,790,64,1642,775
1102,1426,1100,1119
764,1511,75,744,732,1092,1272,1950,783,196
1331,1084,170,829,689,1484,788
216,1491,391,1591,1880,57,976,1024,1122
637,919,430,1794,1011,1993,1259,722,694,355
935,1223,932,750,227,1980
1538,1603,507,1542,413,1695,760,395
1423,1319,1139,469,368,1431,1833,728,1269
205,795,1405,1903,313
1261,493,1561,1697,1644,1656,69,1984,1992
1848,36,1856,1438,1306,1546,1852
1739,1640,772,1174,263,879,688,667,290,1716
281,737,646,379,1208,1091
1476,232,843,1050
1868,1651,1280,254,1636
1060,1070,1420,1141,12,1558,794,1321,1959
1383,1188,126,1949,1948,1162,1759,908
488,1429,185,1025,1831,1793
489,1846,956,1354,1829,1232
1082,1126,1217,1083,1043,1326,1506,1747
246,533,328,599,625,61,390,1704,1578
801,671,1598,1526
1249,354,194,1983,735,640,93,1932,1270
998,1051,829,1024,1492,1506
670,50,1550,1537,206,1407
1595,823,1749,1501,195,424,644
135,848,1389,739,1028,143
1217,601
572,1873,1998,1599,1647
873,1263,242,652
1986,787,3,1953,242,1842,47
444,534,435,1829,602,1905,1274
273,621,959,436,1870,1695
282,49,457,1427,1865,888,1257,1133,908,1536
1088,652,147,136,214,356,405,413
1844,1047,1846,1469,1509,917,395
80,1856,1859,1595,615,478,1536,1728
1804,990,849,901,1359,69,1529
1272,1212,248,144,334,414,752,88,1852
1219,1124,200,1355,839
175,1779,297,1435,64
1443,1866,1628,484
742,1419,732,1627
1311,1976,1467,286,1529,1488,639
1079,305,253,557,165,1239
1216,1340,1349,1356,833,1593,1594,1114,477
1531,1119,1962,161,496,284
1389,1441,1482,434
928,1133,1455,1900,333,1129,1535
449,1593,1583,283,1561,1910,404,653
1920,1685,0,1447,371,1422
1778,1424,5,418,1201,693,531,1194
1741,1594,584,69,887,731,1238
1146,1233,1358,230,1053,1413,898,469
192,725,470,334,967,802,121
1062,1891,870,1228,911,116,1972,1866,53
1298,1224,1733,669,1811,1189,1076
1848,1862,281,253,1695
44,1781,1241,1280,352,253,965
731,1733,280,456,1317,781,1767
995,963,1851,493,1698,832
872,1840,626,1109,1843,1169
1617,541
21,1211,873,927,159,262,33
1701,608,1766,678,703,272
1369,1048,628,1509,305,1683,1857
812,934,619,1676,1486,1507,1620,1383
1782,1294,760,199,742,498
1541,979,897,1562,507,100
1368,243,1123,1045,1033,223,1042
442,397,1666,1018,176,632,1755,691,984
226,515,76,1623,1775,1148
1213,1750,939,1115,565,253,1079
1852,1713,1561,71,1781,553,851,431
1620,1931,202,443,321
1318,532,1863,1501,1093
377,351,927,490,1449,1604
1937,1419,1296,1979,1886,729
379,186,1954,1689,1575,893,1746
228,332,22,641,132,1754,181
1950,1998,884,1392,1884,42,380,184
1931,724,1223,647
1300,1500,822,756,1662,276,195
1090,182,568,1801,894,686,1706
232,658,1432,1677,1991,1161,1002,1021
1547,1275,1161,1197,303,1448,1661,1658
1240,725,99,1549,1167,1880,588
1229,939,1746,48,1826,1477,724
1621,1342,768,891
1850,297,506,1945
684,784,92,1026,1552,244,915,495,1986
1508,1997,1802,1038,922
76,1964,256,1405,1403,1952,702
1125,476,823,526,775
348,834,1297,518,1629,536,1307,1391
743,1301,1120,1001,499,792
505,1616,1996,316,1016,1536
1180,543,84,830,1676,1027,1768,363,939,1084
729,69,334,480,1696,135,1631
605,626,337,1711,1579,133,1695,110,316
274,168,1713,273,1171,1097,1812,5,1531
1876,1637,212,784,1398,1774
1969,1057,389,1656
245,1434,1669,795,1407,916,993,310,317
635,1834,1198,172,1944,822
641,786,479,1675,1998,1731,1738,1535
643,734,404,548,1759,1653,1909
1744,1544,42,591,1093,543,1641
900,1889,666,465,167,480,771
504,1346,1177,1558,346,1098,1837,213
487,1355,1765,1333,619
659,1345,764,38,1741,1422,1833
722,154,303
1824,1534,38,411
184,441,715,648,1718,1689,608,1595,623,166
1958,315,175,1843,1688,1717,1766,1820,1840,605
1008,1498,1265,68,101,572
1777,1936,471,965,1329,29,1763
525,1074,745,1723
220,801,449,809,1975,566,448
1821,799,337,1068,1259,1355,216,1166,1468,311
1009,328,819,675,1458,293,1976,1568,238,1338
587,1079,1570,1250,875,1602,1902,71,453
812,1882,70,1914,633,88,1616,291
378,72,1325,186,1909,776,1074,1804,31
310,934,607,851,1727,93,760,1522,168
1901,1456,1138,631,48,1879
1528,1163,1342,1689,814
1460,671,244,265,1702,507,1557,510,963
607,1460,640,1262,906
1248,1892,16,1077,503,453
1193,324,1358,625,136,1574,156
1517,1090,1691,334,1516,584
1367,1498,787,123,1204,356
170,756,1893,502,1586,1997,847,1350,1693
342,535,414,1408,802,1909,1887,354
591,187,583,1759,192,104,126
448,168,820,509,1098,525,1332,1257,1541,1624
718,1269,1266,1025,651,1913
503,689,1182,1689,1740,1175,171,751
1164,29,1578,1367,938,1701,611,1224,924
684,1593,838,627,369,1633,1838
1584,360,1594,1005,127,1308
1765,1797,1757,775,906,114,1688,1284,772,250
623,1324,723,1481,1936,1616,579,541
267,1447,728,1998,1423,145,801,1669
1305,1379,1014,561,1297
405,1045,1312,1645,356,1471,1820
624,660,105,1191,318,869,1600
157,1239,1125,785,1954
338,974,343,1212,355,273
288,1354,307,1027,1861,35,526
1304,228,301,1959,4,999
1423,1471,1142,1792,1957,88,1667
1498,255,776,815,1198,1582
1887,1077,391,32,1807,585,1475,1729
1551,678,616,818,683
461,1789,1341,632,1412,1837,269,1061,1404,328
122,1896,1579,804,1340,1475
584,456,681,1259,511,186
304,1967,1011,436,729
1768,1319,213,1495,1330
469,1939,935,1208,1497,38,1766,1904,620
97,1732,68,1687,1984,1775,1949,104
563,1579,424,361,903,122,1961,1109,369,1395
1112,1473,272,1150
1425,127,1833,1184
1095,432,812,144,816,1278,183,27
524,920,1139,1995,329,1691,923,164
1204,738,784,1889,759,1852,1708,744,563,31
480,742,1402,369,905,357
940,46,103,1376,350
1492,346,280,341,7,459,568,317
1030,616,1433,1820,539,171
68,1650,949,1027
1471,1982,813,1929,1940,1337,700,404,1250
347,1174,1837,1372,710,1175,961
1378,1182,205,1560,377,447,1607
269,1376,643,326,1422,222,1896,1835
682,1366,1661,1245,369,215,1285
1075,264,744,875,138,109,1932
881,412,1912,1843,1590,984,1427,1133
663,1300,859,1392,1496
871,1018,1361,1150,460
20,413,270,1384,1287,595,1998
258,1292,931,934,525
744,502,1432,1694,758,343
1807,1407,1941,1536,1426,64,1518,498,1022,1721
1177,1444,488,751,50,641,274,135
1051,1254,1334,1376,1381,1633
1895,1222,785,250,471,1182,251,1839,350
1728,989,528,108,1174,1297,963
124,354,1398,141,520,1764,1745,1146,1229,351
1093,1936,109,1338,2,1405,1391,89,976,1057
1472,394,1841,1382,951
1499,1087,548,355,1310,1446,175
1876,170,1697,1885,70,1090,1629,288
1496,360,1271,227,1132,1506,479,737,1916,217
16,1000,1213,1833,1404,1019,1257
94,783,844,1661,451,1939,1028,1203
495,1208,1093,1048,1550,1760
1497,351,235,1907,1698,161
448,1925,1397,154,1655
1813,1398,1673,1746,674
631,1515,34,923,1339,946,1382,1960
0,1795,717,576,25,1599
506,1676,1586,1172,684
586,1404,578,938,1032,986,1390
1362,173,1764,1314,610,1378,632,1709,917,90
1317,681,1919,238,265
236,754,1382,1636
1030,763,226,561,1776,380,1575
302,1926,1143,1987,1921,1418
1721,1621,1210,0,424,1556,321
1052,794,1980,978,1292,1008,1506
1874,961,1339,546,1148,254,106
117,1063,1400,1244,970,1978
1834,527,504,1341,760
571,489,1493,1932,272,967,690,12,1313,1088
178,353,1144,1706,214,1349
1302,806,1985,1099,662,1640,136,463
885,339,1846,1975,919,467,1367,1439
1725,1000,1210,321
829,386,1744,464,1336,1411,358,1652
450,445,493,1621,1050,1461,1070
977,742,618,1473,86,1817
1730,1562,1808,1063,1861,1317,527,260
1050,1145,1100,884,1186,1588,1184,1383,424
81,611,33,1496,1007,1762
1436,164,664,1770,348,1726
454,186,883,1624,271
93,801,1257,1827,1671,1109
1259,328,657,1779,1830,19,1773,743
222,1828,1201,1331,884,1323,982,1423,562
1692,1111,231,1315
850,567,1870,203,1565,1588,796,1284,176
1006,1125,145,1756,116,1602,368
792,1295,1464,798,224
533,171,1329,611,520,800
1363,921,676,1096,1156,617
62,1559,1151
754,968,1529,1365,1915,373,372,351
1866,1062,507,1354,1395,523,1302
504,1588,455,1332,1827
1180,849,890,894,613
1860,799,849,104,340,538,882
1184,1588,1182,1772
657,747,1212,732,1487,1482,1391
345,1038,372,1550,1289,1345,1735,369,500
1286,1485,1965,472,285,1025,803,240
493,1787,1514,79,985,46,1819,1505,1313,157
273,406,105,1388,7,627,870
1533,1200,1892,1125,1826,1764,695,461
1302,1180,4,475,998,1733,1030,646,70
1917,690,1875,1597,3,236
401,1853,1114,151,1730,1925,1845,209
64,1330,1758,325,969,1483,95,1685
1548,1624,366,360,1238,1204,285
544,595,1389,585,692,777,1399,161,599
46,163,582,1656,964,1952,279,1421,812,1617
1946,520,164,1666,207
181,941,1820,891,867,1958,1650,1176
945,1205,105,684,723,1483,349
229,1271,1891,1009,1053,952,483
1961,415,91,1821,916,865
964,1712,1787,776,600,1836,873,1356
139,348,707,140,796,474,64,238,454
847,1054,1208,1851,527
78,1885,1728,1636,190
617,1042,151,239,1453,1221
848,1826,445,411,1500,1984,267
362,74,774,1028,62,1104,1746
565,968,285,1390,802,1999,780
33,1062,1721,242
1262,576,1550,1248,1479
745,1552,675,1720,25,1458,153,88,464,1429
974,684,559,1115
283,1324,111,397,1854,902,1980,1558
923,694,1803
1468,1927,1948,1432
1434,111,1526,1642,371
1210,360,680,710
880,514,34,372,197,162,1263
78,1678,1527,391,166,812,641
203,405,307,976,120,892,1819
880,904,1892,1292,291,1161,256,1347,1529
1853,1781,1419,329,829
1779,1220,1718,1061,149,1423
979,1847,1929,39,229,1121
1612,392,1775,1115,1759
1,194,1100,1946,21,346,551,1291,866,1816
1024,556,1020,1707,1805,1794,23,581,483,1095
387,1252,644,1855,910,623,805,1724
919,1088,1764,1411,1836,106,1032,538,428
1547,745,752,958
162,1184,322,1709,68
151,1010,783,1955,1123,633,1398,1083,1689
895,436,769
1962,732,1666,1570,218,596,1673,1336,134
1301,1731,1709,891,1737,597,233
1037,194,81,1337,1390,594,1026,1453,1387
572,905,1857,296,382,1381,1658,265
1723,1607,0,212,1095,265,1161
696,930,790,1551,1422,1190,88,1299,1763
810,739,1952,676,1145,1794,1866,777,1394,433
615,1729,949,1225,183,248,438
812,1906,742,1474,231,1437,323
655,1061,1800,802,1005
599,658,114,1720,803,1841
595,1063,968,6,603,152,1922,1770
1705,152,1572,5,1126,216,1325,743,812,1185
1123,1172,698,986
453,1289,723,1748,1342,400,745,754,1360
1819,1162,1254,1863
1914,1313,729,1542
1427,244,1325,158,1595,1332
818,541,1433,406,1488
1814,760,1628,1088,471,1831
433,1890,1228,1128,121,241,821
1930,1423,811,1114
528,273,1318,1042,373
1257,1634,1166,1283,1224,1156
655,728,226,1173,1725,1034
1093,231,1160,1641,862,1748
133,1618,1525,969,528,1542,250,841
867,1441,194,1947,136,637,220,1184
739,69,317,1562,1361
1956,247,333,904,1814,1324,1427
1856,1776,821,436,31,1095,782
1542,1034,492,260,916,806
1017,1544,145,1252,61,1854,963
1025,167,1694,1576,226,1061,1233,334,968
122,1499,733,579,1370,1059,690,1522
392,761,603,6,1090,129,812,1566
1890,409,1346,760,886,1760,82
577,1278,1318,1325
657,578,734,1247
693,1996,1456,839,791,1881
545,1000,1762,382,1166
1255,734,755
1658,1436,111,1242,105,25,99,829,869,203
1852,788,367,860,1721,906,1905,1081
419,1967,260,1969,1406,992
135,616,1584,1072,1709,858,1969,785
166,595
1906,1966,1536,1875,721,649,890,190
459,438,1799
80,1066,946,1919
1947,319,906,1650,241,1761,784
1093,653,965,1912,1732
1096,1996,1065,309
991,1820,1173,1214,1762,72,1676,182
1968,1262,474,1473,857,1901,413
291,600,368,211,1130
1001,1676,21,1017,1735
1334,1398,1376,1560,720,163,552
359,1827,799,977
561,1003,1825,1689
868,1181,727,80,1284,1569
1640,1616,577,1316,1131
1610,1063,1834,1950
748,816,34,487,1910,1765,1312
1089,1515,1397,1010,258,848,1596
1171,1418,150,528
1759,1350,292,1963,565,1232,112
1862,1211,1300,410,827
1630,865,708,913,1533
1168,1966,1265,1717,1215,1455
1585,1697,1790,494
1377,1051,187,1655,1122
1945,788,1066,508,1528,1653,254
1219,613,1898,1121,1543
1634,956,190,886,908
1409,1560,127,1741,142
1245,1679,851,1414,1195,1120,391
97,1222,304,1892,98,1952,460
685,1042,1415,948,988
466,1334,915,69,1028
1676,520,737,1841,1833,974
745,1402,1598,31,968,213,1734,166,692,1926
1545,46,1519,128,1369,441,21,1338
239,1326,1894,1231,1554,1418,354,664,532
39,561,1169,1795
4,1317,1299,1193,945,1792
1251,1882,896,171,265,463,9,1771,147
1828,1704,653,183
1202,1904,1100,236,1438,1667
1084,1699,814,1468,1694
249,1290,833,1766,1629,539,1771,1978,165,273
975,1060,1757,1803,467,797,668,978
1115,259,1959,136,1663,1981,1986,901
280,106,1862,323,1779,913,1096
1868,909,1667,563,1146,1272
1560,1253,171,1498,1076,1385,349
1789,243,706,1172,946,1680,1311,877
545,427,156,371,140,1750,1577,508
45,1035,324,500,343,1209,1258
583,1699,9,1616,124,1428,295,1701,168,504
1483,1129,61,1722,1113,882,919,35
1210,1687,1026,101,1975,1640,1149
713,1302,1996,1489,240,1011
1097,140,661,665,1090,13,1504
1545,1245,1611,822,98
845,589,296,713,1582,1678,195,1705
480,44,1514,1163,770,377,1717,1084
1606,1099,1657,1498,95
1777,1937,919,1822,1017,1343
206,1042,461,218,1685
1153,336,568,1413,820,218,778,806
1369,468,1215,394,1966,545,1149,1758,1913
1461,1126,665,147,1175,1611,975
764,426,1030,1284,10,1241,1627,1045
1404,1108,190,132,501,395,216,1110,1869
994,541,467,345,421,859,111
1108,918,1403,1894,101,1024,305
1436,734,319,1362,1061,1978
291,1489,185,602,107
623,1088,750,1630,408,788,489
390,710,1297
1074,1130,109,29,737,1894,1255,1635,1447
288,223,1372,718,1895
620,1529,628,926,251
327,167,1453,1906,1392,1614,1727,1035,588
1292,266,1228,1459
1963,1327,1400,943,137,1946
1177,1163,678,1572,1338,1334,126
1476,1855,592,67,1873
1459,816,1351,524,1941,779
1645,1144,1111,1878,117,1027,69,1288,1891
1694,419,1926,1839,325,1078,704,164,1399,337
127,546,32,851,330,268,915,1049
1180,711,1003,452,436,22,1655,303
970,1084,76,920,300,812,588
1168,1140,392,1427,1835,1139,767
1965,443,1898,1320,404,1288
1701,410,1478
1213,717,1039,1901,1968,1829
725,1919,883,1882,625,962,1757
1822,230,1368,100,1681,295,978,494,589
1559,1232,898,1,1197,1873,1114
1941,1123,1792,1722,38,1368
688,1389,160,387,400,363
1804,488,1659,1870,229
3,599,1922,1671,316,1291,76,1564
542,1362,798,486,1163,1328,1942,994,1687,1346
1125,583,564
529,827,853,936
1388,448,1579,1684,1215,856
1818,1388,1154,1700,1950,1737,127,1198,1118
950,1213,1207,748,605,445
1960,1312,905,1173,1351,100,785
716,663,1259,945,88,1273,175
813,1603,1471,255,1201
1715,400,606,1692,1933,1852,1773,374
1546,1703,560,774,765,475,680
1599,1257,1444,341,366,1091,883
1290,1565,1909,1066,812,1167
488,1639,324,359,1999,1443
1314,1088,583,1823,704
804,261,1477,724,812,1668,695,542
200,1678,298,1877
793,602,1454,1946,1206,1866
917,939,1292,1726
124,1462,1389,1379,1617,440,358,1544,1254
872,761,1887,796,1134,1483,1501,1636
1704,1656,1535,240,162,1637
73,142,1176,390,1267,34
762,582,237,1722,1305,449,1293,424
716,233,136,1551,1011,680,372
1673,1440,1216,356,1966,1116
1207,843,1706,483,1428
319,460,659,1857,1654,1108,946
1375,1464,741,209,633,1523,1519,1595
1861,1277,289,1792,1996,357
1176,1070,1911,246,1459,1789
1854,1655,265,1935,348,997
1118,1570,1654,866,1383,818,728,1012,1172
1503,95,958,119,1352,280,1075,668
1521,391,780,1631,1122,1199
11,1645,1358,1901,887,1505,1853,1967,205
1779,1167,888,841,745,457
1402,603,1807,532,279,1162,1016,408,139
251,223,611,512
408,541,1563,1540,150,1199,253
1432,300,84,480,50,990,1612,1697
1910,436,863,1875,1168,815,1476
145,197,438,209,1110,556,1412,55
1460,194,1941,305,1505,1770,1841,1271,1993,1779
1116,999,168,139,179,838,1920,473,1814
1594,1489,531,659,1209
1514,465,1805,513,1061,1018,200
1406,583,1592,440,1698,10
377,1769,78,1571,1632,537,1364,1106,919,136
1920,1085,595,1201
1537,175,797,1152,681,924
1206,763,779,1013,409,1041
1498,1772,892,1077,1669,174,1670,1392
1188,1209,1975,850,340,330,593,1378,1625,760
486,1544,1259,1382,1458
1824,616,466
1956,428,1913,1934,1718,1143
45,1720,1048,1934,12,221,709
1700,1753,1186,216
1361,1296,1576,422,743,1266,1354,1454
1287,1182,937,908,440,988
144,856,1326,501,458
1576,329,1296,179,1682,1819
1259,236,1774,1171,108,308,1143
1060,621,112,823,1574
562,1903,452,1370,460,649
444,777,1670,423,1064,1376,683,1769,242
1829,1787,785,963,1446,906
867,1883,906,1059,1429,1177,941,349
323,643,1361,50,1061,1572
1038,467,788,1421,716,1394,1320
225,203,1604,1037,338,566,912
978,910,944,556,1702
1646,1771,1663,229,1371,1182,1181,1732
574,588,1910,1023,1741,460,908
758,1274,40,1288,1576
309,739,126,159,98,757,1450,461,1837
625,1789,1173,1037
741,655,1794,1223,1483,768,1678
883,1370,1061,1868,1132,999,1357,1698
358,227,1290,1444,1048,656
1067,1073,1717,929
1827,1642,575,976,1180,1103,654
925,469,1516,1924,1697,144,970,816
971,455,452,52,995,742,157,248
298,326,1024,881,737,1161
1200,494,446,1403,413,1246
633,1769,6,905,132,1432,1490,917
996,1031,1303,1355,766,1447
1026,1779,746,1743,482,1067
1418,1922,782,220,698,103,1193,1771
970,274,545,479,926,1666
995,585,141,867,1864,42,465,750
324,308,1825
728,421,581,1865,199
941,1726,264,382,488,1377
771,564,1725,1684,1804,77
1167,363,1069,172,356
1958,306,528,1536,463,1621,1907
272,267,764,806,1667,1734,330
1180,1302,1661,1758,896,870
84,809,944,1992,1308,1027,1593,1851,1309
1453,1837,786,796,1389,1368,491,581
1039,1422,143,608,792,798
126,731
1405,1980,12,728,102,617,1577,145,1497,1958
630,1202,1230,565,1158,284,1549
1027,321,1584,1456,1182,1457,1851,1915
1619,1253,83,1224,1102
1359,351,730,1203,809,1015,1950,173,1496,359
1861,1892,903,78,181,1226,1208
1743,354,715,323,856,1792
1593,1564,1680,115,94,1855,28
412,1819,244,1730,481,1762,1102,1799,951
634,1285,181,117,1680,911
221,1224,1965,564,1089,118,400,1630,1071
229,1580,979,1401
386,1064,19,1571,1629,1565,1164
672,1884,1648,1397
1948,1425,208,1388,1153,472,47,404
803,1082,1257,1720,129,137
1371,1880,1265,529,1741,1380,557
1878,1132,1142,613,602,1941,1358,1831,573
1149,1685,1184
892,1338,1748,458,1319,451,1563,1725,906
545,91,728,288,1975,721
950,1586,115,1534,274,1309,574,1155
251,925,1707,1694,1877,85,1243,1948
1780,1961,1807,1574,1311
1333,1875,1225,1843,1000
1924,431,1014,1995,341
1626,308,1461,695,1474,1980
1860,655,1646,941,1752,1759
1463,390,349
798,1543,1904,937,360,465,1896,1521,1052
256,616,304,1231,894,529,1739,1820,357,1576
660,1359,1799,1711,990,146,30,1489,1519,314
1848,505,1625,379,1267,859
719,430,545,64,1805,1300,1072,1595,543
1433,564,92,1870,1712,1827,474
665,1513,1530,82,584
973,1650,1221,1515,1412,440,1577,522
7,1118,1060,8,1691,1743,154
582,1431,622,1578,1401,1326
601,1155,582,1766,1094,1639,174
1346,1918,1294,1986,734,502,1441,1893,343
1749,127,613,1034,1426,1199,102,625,551,890
1354,1982,811,496,184,1927,993
431,1223,151,1313,211,1897,1896,1075
609,362,891,780,1613,1180
55,887,1971,1293,994,1569,287
1190,61,1725,1429,95,603
855,0,363,1825,638,152,1650,304,1100
1029,1947,1199,986,1475,1507,1671
463,1698,138,541,701,1534,1618,1273,855,899
219,1776,811,617
177,205,1314,1556,1282,1237,955,716
254,761,1009,68,1862
743,301,1368,1226,1486,1211,38,269,646
559,1377,428,1578,1103,220,902,735
113,1370,940,1358,1829,576,64,1567,1091
972,1073,200,1617,739,965,656,1208
758,1966,1248,89,45,1758,977
677,416,985,682
834,1008,665,450,19,1917,142,1673,106,1629
1396,210,873,644,1792,535,677,1882,730
465,870,953,87,941,547
1076,511,1235
131,1567,974,1866,1450
1481,1051,1092,1977,461,110,133
861,613,1417,1838,1187,1186,741
1681,578,9,440,1501,1525,259,920,117,333
1523,923,1267,1768,1233,417,77
16,1322,639,704,1885,1128,1289,1330,479
372,307,330,1889
193,1732,1815,1862,1493,1671,716,1609,1834,865
1747,1130,1231,846,1826,375
1155,1499,975,910,576,1456,855,1742
4,886,1187,1444,719,1767,96,276
700,1333,1135,1687,1608,703,1915,18,1758
1512,1021,1661,603,316,326
273,396,1268,819,1038,366,660,117,1981,1416
452,1690,826,1307,226,190,1595,1916,1734
66,595,1756,115,565,1747,1575
1747,1858,760,14,173,953,708,537
1290,1369,1046,961,1395,1332
1779,1178,1600,1171,1636,1752,36,46
614,1434,927,264,1463
576,1393,1764,847,379,1871,816
773,1734,1381,1443,1976,747
1024,148,1197,1273,1163
893,1703,1293,650,185,1946,131
1981,867,950,1996,1110,1340,1628
779,1250,1894,1639,1171,404,1650
865,805,1266,823,27,557,401
198,737,750,781,1713
983,1169,1163,1786
1840,372,1190,1275
1600,1543,69,1370,252,1495,1148
1245,1621,1190,774,391
1053,268,1148,658,166,1489,1571,1484
738,1527,682,711,904,1330,1398
810,95,655,374,1899,939,220
729,1515,578,1046,404,1570,1814,351
1762,969,773,815
583,1258,317
1645,1146,84,221,863
1524,182,1193,1553,719,756,1840,1055
544,1111,108,1470,1982,796
1345,1329,876,1763,47,732,560,1682
1345,1473,1642,371,1787,1,1654
225,1446,1706,1678,750,1517,1569,226,1884,1771
1466,916,814,1182,585,165,1112
1981,1122,519,1132,827,1473
1314,1415,1017,130,1548,1130,652,949,155,884
1858,352,1660,1584,750
262,318,1837,1978,1543,1493,421,1716
1774,712,1957,53,615,852
910,383,583,804,1623,1724
517,356,1888,216,367,880,835,1057,135,1849
634,1813,246
634,1581,1979,1703,1564,1370,1771
782,1019,1619,1840,70,1759,1733,550
1944,1143,1768,582,118
363,46,323,941,1981,1614,118,1647
1954,1689,1235,1047,487,235,26,681,268
1612,392,1217,1751,1204,1516
678,53,1733,310,553
83,1535,891,183,1328,1919,930,1235,799
613,1983,1907,1125
805,1437,245,288,185
601,1625,1806,1391,1461,546
1635,525,229,1609,977
29,216,188,138,1068,1071,310,1684
1633,805,1950,1299,1829,616
355,608,92,1835,1788,889,351,1818,670,1722
916,144,1898,707,122
601,1707,926,791,117,115
657,603,577,766,1006,1079,195,475,273,899
1495,619,1271,181,995,1537
443,1138,1719,9
1030,1849,1186,1023,247
433,651,1355,1737,232,58,237,485
37,1160,1032,1524,1936,585,201,358,1651
1309,32,749,958,1682,1464,1055,1097,596
927,918,1615,1625,160,1394,960,42
70,1047,1105,219,994,1642,215
491,328,665,433,1216,1147
1805,1842,1395,1029,1250,155,910,1990
1037,1649,690,1769,441,1981,1590,578,321,1949
289,326,1096,319,1300,67,1426,219
545,610,617,959,1470
1213,1111,1566,1353,1640,63,128,1366,1155
1837,1840,1085,394,72,482
1814,1870,1224,1899,1215,1920,1343,438
1794,681,721,449
12,241,249,726,102,682
174,867,1587,1589,1164,486,1250,910,1470,418
508,1877,1350,780,355,1544,556,1679,1034,945
1160,1626,187,1216,1692,1526,449,461
898,528,490,1600,484
552,335,1983,1111,1975
1103,951,1632,236
1345,1688,674,1143,267,464,1293,1976
227,405,1691,1515,630,1127
1906,621,1230,965,1945,490,850,285,1410,1381
835,110,101,1068,958,1107,1928,1277
836,951,622,1829,154,1299,488
475,1196,573,521,1380,1418,319
853,1384,1734,547,60,1251,1240,557,1601
834,941,182,1131,1856
194,5,1410,1503,946,812,1774,1149
1101,1496,1919,812,1277,676,773,1511,1426,1792
126,1265,201,1603,912,1962
1952,1636,1809,140,814,105,1110,713
1462,1890,315,1201,743,1014,1190
1553,1179,1685,1342,1034,1370
203,1600,1089,1973,1921,1672
138,496,1713,1337,936,1962,1293,1640,1243,1774
1305,1254,586,1721,1456
1691,648,842,1777,1789,793,346
1895,1600,1613,1103,905,27,1363,853,441,986
279,643,2,232,1868,1076
1939,487,488,1820,1714,702,1904,1298,38
579,875,487,1960,1217,1092,1427
1227,1327,321,1400,430,1433,94
104,1713,1565,1188,1508,1180,1596,80
165,331,629,1784,247,1091,1039,714
1127,892,1163,1299,284,1174,206
502,772,1144,1803,1053
243,659,1998,756
489,357,1929,317,302,1282,380,624
1096,134,1708,335,1817,1454,605,1788,1540
1895,1987,1011,760
721,1342,158,145,1306,662,335
128,851,977,1317,1902,749,703,641,279
1870,1103,914
1916,1351,1500,896,1403,59,1197,959,454
1246,805,1494,733,1045,769,814
727,1516,1276,681,961,570,1896,1670,139
1527,679,98,1946,386,1782
671,1035,1767,1575,1034,1924
1793,257,1194,475,377,998,1121,721
1318,1577,804,888,196,562,915
1521,665,943,559,737
471,1423,1478,1801,1405,1271,1301,196
21,205,1054,391,1525,411
1450,1576,680,819,187,1767
1063,1912,113,792,1069
1619,251,8,1166,891,1831,200
429,308,215,1650,1347,822,250
6,1560,1122,1938,62,885,1025,1524
1180,1329,1335,1457,520,1591,1643,1529,301,550
1177,632,1248,1934,788,362,1767,155,1072
1406,1358,598,945,1949,1736,1237,67,576
1409,144,1322,1465,1231,213,839,955,1208,1691
1436,1299,158,531,1159,453,875,433,935,1823
1382,1993,1855,1030,5,156,1499,907,877,1216
933,438,865,702,1944,1718,1684,1343
1538,737,1881,732,1215,969
1012,235,664,1918,1502,958,1683,1495,1987,1080
1343,353,1792,1672,539,1613
297,1803,1371,753,628,848,1511,271,1433
857,822,1580,1260,1861
1050,318,1844,1830,308,1709
1513,191,1581,62,397,659,1561,189
1731,1356,1363,367,6
1599,49,1127,836,39,1902,1387
1117,1511,37,1650,122,1784
646,1652,1735,1235,1763,605
1887,788,347,1716,689,330,1215
1669,1626,1894,1840,485,1076
1791,48,151,1812,254,1545,228
1940,729,1581,1267,1103,259,1245,402,1284
1583,1605,561,909
477,572,828,370,1020
1817,105,1936,1042,1232
1582,1363,1160,1146
417,632,1166,1059,1314,718,1701
937,383,1069,524
1164,354,1172,785,1895
172,1889,273,189,16
1764,600,775,1913,1169
309,467,515,33,241,305
1078,1882,9,778,1100,373,1751,1222,1312
1402,1213,860,1104,1851,926,506
259,567,1565,1566,1178,240,1401,1459
1905,110,864,1640,1292,1668,369,1301
226,1589,325,118,1999,396,538,1340
367,462,1372,258,1329,581,678,1720,1575
1499,866,408,31,1452,60
1078,970,538,1382,1245,620,1315,87
886,985,869,1875,1148,1893
1001,1512,1929
1288,412,407,1487,601,817,322
1793,1144,337,1379,1499,1335,992,1997
847,255,473,564,948,700,1764
916,338,1536
631,1695,1673,357,140,1397
1577,469,1245,103
1033,1255,94,475,343,899,1277,1005,103,111
2,845,802,299,1439,934,1683,1507,747,1313
314,850,214,1026,283
117,461,1348,1885,1783
454,425,996,1580,1301,91
1073,381,554,1696,629,350,1117,47,675,1293
1258,1238,462,1534,1949,388,547
1784,611,1624,506,439,306,814,1537
1155,862,113,1181,660,1307,1669
536,1738,1264,1932,1437,1786,1368
991,1611,807,1845,932,537,1252,817
687,277,129,802,885,1227,1708,1603
1248,82,1377,1513,1990
382,621,862,1090,61,385
1152,741,50,1717,1534
14,736,595,1040,955,189,221,1764
1655,1587,593,1051,680
1311,1616,485,428,1244,986
508,1979,136,1357,1674,175,1860
56,774,600,187,1607,262,1374,1104
1904,1906,1300,955,1042,1620,1622,591
634,599,1947,1985,583
569,218,505,1584,645,1395,706
1310,598,826,1686,1980,1048,1020,897
1778,883,724,1648,224
1822,1635,1957,1708,66,154,118
1120,1102,296,1690,474,1037,1891,418,942,1860
660,506,1535,754,686,1663,1944,841,1738,1270
490,299,350,1954,150
429,1246,308,324,1733,336,1310,1707
802,966,266,1248,165,1284,1464,1232
682,1727,1766,1591,1788,1949
811,326,352,75
371,467,1119,1704,345,690,200,1159
1955,1061,1868,619,18,1133,1355,1725,910,1754
625,710,617,467,987,604,472,844,395
124,754,712,1044,1309,1984,1715,461,20
93,1200,1451,547
417,1752,240,109,441,882,1671
1911,1082,32,370,1920,1530
1328,124,1656,1266,30
354,254,1684,1311,1281
101,1360,667,581,1186,32,620,1270,1008,511
508,1486,1470,281,313,109,800
503,230,1478
639,1546,832,616,785,611,1551,866,633
760,473,1542,1679,1067,408,232,1583
1428,634,287,9,1513,1970,219,1237,83
286,934,1536,954,228
270,813,971,1939,1050,45,1764,1264
701,1383,1295,471,1627,1723,1442,1241,1099
1325,537,1605,736,19,904
496,827,817,263,1119,162,1645,168,37,984
724,751,473,148,570,354,774
285,1636,1371,334,201
981,1213,398,282,931
1055,1752
364,485,279,1544,856,1905
1577,903,1578,1015,1616,456,1539,1773
1281,1593,1706,1883,438,371,1554,1362
1565,443,1951,507,304,976,1932
950,105,1098,1914,683,1485,906,1870,942
1516,651,1560,330,1101,530,992
1963,1014,650,1232,1214
505,291,634,527,1539
485,260,814,1985,498,927,1959,1667
694,795,1547,223,1871
1963,158,239
978,1941,228,1141,540,1582,1260
956,1949,208,885,635,1397
1131,1889,1308,1635,1539,1557,1161,1302,1880
660,891,637
1784,1253,1015,1975,479,663,696
399,296,774,267,358,143,706,1740
1004,1629,355,239,827,719,813,681,986
424,759,512,1465,417
1556,24,1762,152,1153,262
122,1865,1290,1384,1051,1247
992,733,1373,577,984
1356,1725,1172,1816,1961,1589,1791
932,1014,1168,177,1818,287,1059,1894
1953,1471,104,92,1326,417,1739
45,1756,868,1194,1149,1523,351,1817,85,1412
104,1954,1500,927,1600,478
260,1630
1406,95,899,117,759,604,1253,183
1184,445,1783,163,983,699,750,1112
1164,1496,1878,1419,1891,1125,1195
1977,705,1455,170,459,696,301,1712,365
1300,1648,1023,855,1669
1440,1045,994,1321,1981
1800,416,822,128,14,1410,1126,554,947
1177,1536,1438,618,1257,1647,1464,716
439,1823,1496,1406,944,894,968,109
1215,1446,946,750,58,1496
1155,353,1453,1414
692,78,714,1744,383,656,1735
1085,1043,998,1323,188,1210,140,536
1783,1301,1378,399,1846,190,1493,1964,995
1633,1562,1399,1777,1607,1353,917,1119,1440
1088,1564,712,607,935,170,985
1750,1253,1110,1457,691,581,1881,268,1791,188
1928,214,1043,60,804,1430,1239
788,1,771,495,5,1074
109,733,1637,98,1322,147,1205,743
1150,137,1900,1270,1713,63,78,400
1419,880,167,1891,1775,1304,292,1512
523,1474,678,806,1964,1167
1823,873,286,1909,493,1278,30
870,229,170,1175,88,919
1990,105,1110,1982,892
751,1950,64,1607,454,1752,1499,541
1485,1412,1233,73,625,1300
449,216,1511,1137
1330,1837,1348,78,828,1993,550,732,678
1628,566,1545,1334,309,1482,1719,1936
112,1396,1172,1775,533,368,1616
144,1297,734,1010,1961,105,1322,495
700,39,1938,1794,1872,1704,1959,1346,1220
1875,154,1122,243
49,1903,1553,1670,243
281,647,561,477,778
602,1227,1209,66,593
242,399,1565,1975,1688,244
440,1179,1374,1697,1430,1213
1469,1395,490,232,1803,461,947,571
1964,661,1417,808,1660
38,491,1238,1723,255,1526
1245,1230
1695,212,1338,546,208,163
743,1176,155,1719,289,1177,1456,652
1611,534,1006,1799,457
1079,1798,1245,1325,38,1084
2,490,1955,1448
891,898,1828,103,1856,1066
1774,516,741,446,919,1978,1008
1985,300,1213,1398,221,912,212
1076,1358,963,368,819,1440,1783,1588
696,1688,1173,1148,210,565,1944,1540,234
817,21,1481,104,1513,1861,1798,882
1660,330,228,171,486,1982
520,40,649,388,1996,1735,1942,263
24,1251,1173,1887,1004,1492,179
349,1550,17,1141,1098,642,1102
1389,721,456,1007,1292,463,1894,253,216,47
599,542,860,869,1184,766,1707,1179
355,1348,293,404,576
231,1578,1490,1957,1342,1889,1056
1554,1177,397,504
1933,241,1035,1091,411,560,508,425,1911
533,1599,334,1401,1355,1559
1162,551,1029,923,437
1059,467,241,1963,1960
863,505,578,1410,623,1421,268,1413
936,1765,1295,1551,1319,852
270,1609,830,413,1240,150,1772,1601,1335
1140,635,25,669
1719,1886,199,451,811,1313,945,456,834
568,460,1821,899,1418,1937,1386
446,1742,1605,983,801,1446,552,1988
1094,1645,1781,1623,557,101,1040,211,1486
1582,1819,703,283,178,1101
1571,1333,129,1527,775,1099,359,176,1903
682,1062,1633,1142,806,1530,446
628,829,1879,37
373,1715,1580,1890,1020,46
1324,1946,1987,1483,825,1018,948,1775,18
1313,1822,227,1274
1260,530,1669,97,1287,1441,874
1701,1683,1282,804,228,1633,1696,442,1402,466
1458,947,228
819,565,1026,942,1050,1870,1251
832,1259,1075,884,1852,1656,1133,974,716,50
1923,1568,1,914
753,415,1741,857,1828,1502,576
1350,970,1563,1728,379,1233,1598
1625,1286,1464,1688,1820,1583,771
527,926,1818,443,101,424,347
814,306,1844
1305,1807,1636,394,1170
1598,830,218,336,1935,1157
1602,753,517,485,1185
1534,1333,66,434,1488,520,964,1502
765,803,1312,602,1791,333,697
1775,267,982,1527,230,817,1199
1128,1159,694,1354
1301,1053,1177,989,1129,1009,1610,399
16,1057,1287,127,806
1007,1566,886,1419,1118,401,463,993
1925,1811,1216,315,656,1907,535,1187,1564
1402,1886,1779,1265
1179,1293,837,457,851,1547,933
1722,1962,185,1833,1944,862,1974,953,1561
973,633,1489,886,1128,954,521
1985,632,1653,1170,518
1355,1407,393,1092,960,499,1494,657
1587,830,157,1497,1368,1103,335,414
822,1717,1880,173,525,1642,721,912
605,203,1890,1031,502,1182
1663,1920,620,236,359
991,863,1255,449,767,493
393,1816,1923,595,1574
1033,1382,81,384,1980,1187,1164
1954,1788,1761,1838,1112,1752,1572,1924,829
767,509,1038,1172,1326,213,216,1399,1846
365,1459,416,1167,1196
1730,758,1757,1141,242,1216,690,403
1272,1580,413,767,252,1061,1877,1750
953,753,1458,1447
797,1544,1994,661,347,1426,958
1383,944,509,1325,1754,393,625
1608,1548,1991,1367,66,159,1632,400,534
201,150,606,1910,1288,1278,35,259
1650,1631,1737,365,1040,694,1664,1591
1419,445,1982,1707,573,433,1778,1135,1491
683,1988,1981,134,29,981,1548,48,345,262
1320,1590,848,1583,457,1352
667,101,524,1496
1012,1761,1879,783,1475,1116,1648,1443,1578
1853,572,757,1914,1480,92,834
1397,1223,1530,287,53,953
1673,1912,1653,933,1643
1190,1812,1307,1870,1610,1182,459,1481
1716,7,1863,914,1889,401,769,739
1542,1576,8,1435,218,1174
952,1791,779,1574,999,445
1450,1261,895,666,815,1513
1318,112,126,770,32,915
1127,1399,875,282,1504
651,1375,1817,1029,1933,885,330
1843,252,818,1531,995,97
875,312,1325,1423,355,1269
867,487,1923,136,893,316
1739,1617,428,1519
253,1129,1516,229,417,676
1246,749,1467,1190,307,1603
1859,587,325,1474,237
1784,1622,1638,582,1232,1621,1713,1653,409,1519
759,1758,1728,1075,1380
369,555,1716,1621
1381,1134,612,1796,203,1298,1201
65,718,358,1054,686,1935,95
435,485,969,1072
789,1569,22,7,1068,637,1099
1284,633,1782,212,298,911
7,1943,593,1815,968,1827,1692,112
1559,677,423,767,229,484,1982
265,293,426,1277,1574,757,160,1713
1018,1220,245,0,989,1066,826,1981,1437,1387
1341,1113,20,1612,1238,766,1952,1795,1331
1604,1250,1143,975,1566,1392,284
886,67,794,91,1047,716,79,1591
650,1887,254,1666,1165,1932,1014,1976,839
1238,557,1107,1851,74,680,936
624,1273,749
1349,1330,1585,533,1543,724
1167,1817,150,112,28,523,1909,1126,784,1424
690,1758,51,251,970,1778,311,1760,888
1893,188,595,821,657,1511,1138
797,1856,1810,611,1998,1854,1758
1901,1585,1663,1980,118,1604,1450,437,1757,1719
1055,1002,1038,1119,1612,1176,1379
453,1716,715,1418,1981,818
538,1625,168,1757,1558,1722
1824,1240,297,1160,499,1653,373,1771
218,594,73,1404,1244,365,953
1059,1205,757,323
907,1347,85,778,1828
56,751,742,1317,128,1167,892,1949
1601,1552,1603,20,1604,1139,1646,255,1913,339
1995,685,724,249,1453
1009,341,298,544,608,579,657
1087,981,1236,797
782,639,1851,753,905,953
269,1213,1503,1117,784
1875,187,700,1438,968,703,1662
792,1093,1404,311,858,724,1905,1659,1665
1081,1648,930,586,314,1924,286,179
1805,1975,836,1016,781,383,726
1350,522,1660,900,673,1716,72
533,1179,164,1357,1368,96
586,1418,1677,341,876,1198
1196,202,786,680,512,1668,1763
1473,1230,1566,1057,191,1081
1560,304,426,644,1423,1410
597,161,1317,444,277,1447
63,1330,702,1769,1396,887,747
1525,761,783,1345,1603,66
1517,1254,197,1966,1792,672,1842
1261,657,1034,1623,1537,1912
24,85,1586,1069,785,141,1632
1366,436,886,17,1628,369
1623,82,579,229,1417,827,1803,1165
1457,1120,579,648,1377,609,1354,1564,1472
1491,1832,1269,902
1408,867,1520,1391,1681,628,273,708
651,1942,363,1565,798,1766,1017,608,2
64,1985,739,896,733,516,1973,537,571,1071
1878,213,1887,992,969,830,406
1584,912,1780,1089
1440,1709,477,899,522,883,888
501,686,1002,1389,1000,1318,1890,781,685,1548
332,1307,164,672,447,756,161,1965,546
82,1620,1216,1719,1273,1911,1784,926,211
189,403,108,1777,1238,1244
1690,390,1961,1385,3,655,1735,1846
1600,838,1227,66,1142,1083,998,1101,1522,1295
1292,1769,781,1491,1604,1176,1159,1971
224,1698,1478,752,971,1032,557,938,1707,1934
1804,1175,131,1313,620,1351,586
56,1128,803,470,703,702
972,1530,12,1579,888,649,129
1836,426,1477,278,1487,949
543,97,819
476,1734,1452,988,1714,1737,611
283,358,708,601,541,1548
536,1352,525,1903,1833,1392,669,1574,654,1346
1398,289,635,1215
1323,337,1098,381,843,92,1562,72,490
1792,1771,13,1601,1828,1319,1206
2,1476,1155,1633,880,1583,1051
1078,917,1524,988,193,439,819,1561
10,978,1948,1846,806,341
773,917,1737,1355,299,1764,1346,582,629
716,1773,635,366,1514,1547,979
914,1544,340,279,1222,961,1671,1606
955,320,1368,670,579,1002
221,1336,1054,1266,650,710,445,522,478
520,871,82,835,758
1881,1331,1698,450,1623,1862
869,35,741
1640,1622,317,1469,676,766,1485
926,563,1631,947
928,1233,490,269,1797,1573,1422,23
669,1444,1138,1381,904,987,806,1726,1782
1784,1914
1480,1567,974,1230,661,640,671
635,1630,506,1829,780,78,1652
1471,1823,1706,1074,1,117,64,1650,526
241,458,1801,1457
1340,1167,1491
1670,1994,783,1950,1028
567,1991,839,991,1841,1293,1988,452
1334,1040,602,1797,1445,1500
8,822,1466,558,1943,696,1960
236,729,1564,1185
1432,838,704,874,1648,1275
615,176,393,1523,1457,805,983,362,179
222,342,1007,420,354,907,893,1210,999
309,758,120,834,1596
159,1831,906
988,910,1877,1134,1924,1096,1010,276
1047,253,1130,599,1019,1957
1722,1891,438,212,757,1679,804
1929,1337,1574,1148,1331,925,4,1515,1795
808,857
1702,122,1028,1673,1151,1117,369,989
877,1250,1151,980,1763,1483,1853
685,1466,478,366,1178,1914,1238
1772,1257,165,1660,430,182,1983,1128,1730
423,460,268,888,1335,1583
1057,1989,699,787,1200,1185,868,1554,1927
911,1053,350,626,325,686
82,671,339,44,1532,1515,172
863,618,378,309
1195,1757,505,942,1560,1684,1373
939,1870,1468,1571,1958
1837,1188,963,938,1072,854,1952,343
1038,437,1930,843,1111
838,328,646,299,596,294,260,907,1243,1260
64,1564,1369,1010,1308,1436
1581,239,1591,741,1951,497,211
1757,478,1676,1337,1832
706,146,789,586,893,141,1170,1904
1594,81,233,597,1069,1272,1694
286,394,1341,272,772,1100
387,1503,1647,238,777,1958,515,1767
1080,1345,1269,1754,1890,676
73,1465,619,100,765,266
215,921,462,523,242,1833,1245
1890,699,1365,563,618,1527,203
1670,75,1817,617,1851
1476,1208,136,1470,1316
1595,1347,329,713,1395,318
619,575,390,226,199,358,609
326,160,796,1805,1241,1972,1285
816,1058,200,598,714,507,1127,132
646,1240,1211,608,1
855,222,1649,1756,633
690,1969,1131,1240,1849
1718,31,420,418,491,1578,943,630,548
607,208,1562,1908,214,1894,928,1499
703,1602,823,1732,273
1799,647,243,1253,691,1970,690,1044,475
1460,158,1245,1570,672,188
1138,1438,858,836,125,342,711,1289,1924,866
211,1534,829,768,327,1580,139,1328
1641,1158
553,1947,1939,1360,1611,1950,1744,681,1841,1231
550,1219,1962,637,1742,632,1574,1366,1545
1458,797,89,177,1132,629,915,760,1543
146,1512,1044,599
1871,1105,1902,1747,116
1588,1021,478
1187,690,1638,1580,1037,302,156
741,489,778,1273
708,475,114,1338,450,845,918
939,363,1774,250,1429,929,1334
829,228,759,1261,371,37,1980,1611
777,1737,126,468,1645,703,947,637,84
1045,727,1399,481,1183,1739,994,1484
1030,1858,1314,1355,1086,372,550,1121
929,898,148,1928,526,830
1906,835,1689,395,1176,860,1700,649
950,412,683,947,1207,1679
860,754,294,859,1226,251,989
1828,832,1341,168,1906,1450
486,1859,104
1892,1458,1586,277,623,1694,963,1130,1426,609
9,1696,1841,531,1799,70,563,1066
1821,1226,1636
1274,488,1953,148,1185,1740,1493
1845,342,1444,768,1403,564,1611,1633,1039,802
709,1098,868,1034,760,319,678
843,1788,235,1425,501,909,1869,1252
1876,1627,656,1299,1246,1923
738,201,292,1293,982,1080,1171
273,153,622,863,461
622,1486,1547,1331,1987,1302,664,769,1292
136,816,633,1873,70,1670
744,265,371,1111,1377,677,1731,1541,1097
1297,659,1657,1573,870,72
615,1368,272,374,1131,747,828
177,578,1311,281,627,832
1827,1357,1702,1671,1613,200
43,1635,515,801,690,1251,926,665
1950,1822,1465,779,238,1919,1982,1196,642
1576,1525,797,1234,410,824,778
1526,958,1654,1327,1662,1742,1657,701,830,1258
1171,537,574,1201,927,1467,1648,368,1520
1514,1404,526,631,1050,400,1706,392,1914,1847
812,1933,1002,616,585,941,1601,75,353
1177,1331,605,397,218,1939
1911,1669,603,1115,101,1812,917
208,1831,1002,683,1159,150
543,1461,230,253,660,236,1919
1171,1962,1084,1350,516,981,636,1668,1534
1446,1866,309,918,784,207
771,705,71,905,545
796,104,641,1219,710,392,1383,657,1165
791,658,350,939
1008,1570,1745
222,1910,1764,726,1352,1248,1272,416,453,1758
520,273,1703
698,88,1650,1289,163,517,766,1105,1562,1516
443,1350
1971,676,119,217,446,1996,91,341
1466,1690,1040,1511
1307,1100,1475,1527,568,695,330,336
261,1184,1192,750,1161,1486,1271,1925,1195
788,1897,615,1213,1010,1438,1334,134
130,1619,1985,1942,541,1067,540,1123,310
1615,1794,1061,1039,1865,1155,1591,1134
161,239,1060,1204
87,1495,1705,1048,1,990,588,559
1759,1784,147,1960,680
1093,141,187,1864,1343
593,515,897,67,1999,333,1403,570,27
338,1867,1131,781,372,922
870,252,802,1722,1107,131,1357,236,549,1002
252,477,497,112,1069,1484,709
1221,1261,677,1216,1604,272,403,566,16
380,1938,589,1962,176
1465,585,57,583
1749,183,1757
584,1863,154,1443,1702,1263,1252,762,211
454,441,22,1520,1059,1249
325,945,1509,724,731,392,1111,733,1514,1089
1657,1512,827,830,150,896,840
1377,1535,1017,142,201,417,6,1018
820,187,284,1938,1619,1637,1504,1415
866,952,1708,1086,328,223,1539,570
549,64,1427,86,344
1855,1907,1285,494,377,1213,475
40,632,772,857,585,315
1841,904,421,927,700
1199,251,1190,1192,164,684,1016,805,453
1609,1944,1636,1309,48,684,790
1949,240
451,1674,931,1600,113,337,117,1242
1109,1074,104
363,1264,1482,1755,121
373,319,1420,1440,1715,1415,1488,1323
24,952,1629,1248,1696,6,1725
1349,795,336,58,327,102,1199,505
1048,1362,1116,1030,1123,1230
1150,1341,1369,658,631,1231,1645,739,504,1132
1291,1387,432,284,1683
1711,1597,493,410,1174,201,1866,1564,198
1045,1275,1802,1858,567,1103,383,519
792,1577,1181,116,1205
1563,1001,1788,1,1562,907,1874,851
834,794,820,1132,357,940
1813,15,1917,1074,1211,280,1612,1802,1564,427
370,1524,1432,1584,1451,532,1528,1751
383,1713,1458
778,414,95,1316,1066,572,271
350,254,222,1785,738,1651,1506,1227,1218
891,1385,1211,1809
569,1218,1924,780,1265,1339,1511,563,1735,1668
1049,424,1,1327,1059,1167
1753,1279,1762,292,1229,221,640,744,1253
587,645,1270,633,513,89
759,181,1714,1662,1514,100,1412,153
619,1544,321,1326,1531,1396,1451
228,276,1617
1036,14,91,1192,1664,1893,540,32,1638
918,334,1979,811,1647,1676,1955,491,1423
1945,1457,1270,263,996
1302,365,146,1849
287,646,1775,1417,1736,844
390,1308,1102,569,1507,1684,1033,33,354
301,1022,672,209,1018,526,1987,799
1465,976,1790,818,1242,602
1733,403,1410,154,1586,951
755,1846,1412,658,1603,1058,964,1156
367,93,203,379,1962,647,886,711
528,780,305,1507,334
641,551,484,926,913,1516,1400
1890,918,737,26,124,1385,772,1119,1330,498
1600,1731,1653,1019,1715,1075,821,992,1441
688,570,1178,1962,1453,1134,866,391,541
1641,1550,1717,1673,1167,1721,1072,703,1382,973
1491,822,1467,651,875,1924
1710,122,836,833,1475
1833,344,667,1411,1792
517,1688,24,987,1557,722,1739,225
182,751,1654,1660,1735,1954,39,987
513,1706,196,1344,275
1520,1347,1085,1586,524,200,1867
709,1988,441,982,1537,418
340,920,316,1129,1038,250,1673
489,757,475,43,490,59
1706,1805,938,1508,1474,316,792,1829
136,124,302,504
1018,916,426,169,659,225,1518,1647,1561
606,483,971,93,1602,1224,1994,993,507
1059,176,20,1124,1591,237,458
377,1085,1300,412,936
673,873,436,1909,134,526,1393
259,1642,1909,544,722,679,1137,1836
1880,548,716,284,1773,1958,1790,1312
452,914,1316,674,625,1636,697
168,420,712,459,1678,1414,690
816,1405,1516,1109,1651,1350
146,911,1944,873,426,442,670,1616,47,210
1154,174,239,791,1123,1609,876,467,1120
1615,643,166,1235
1645,798,1900,1695,1135,1252,1,493,1118
1154,585,167,1016,1636,715,87,1710
174,163,156,1357,1085,701,1164,1069,1154,1930
544,32,369,1661,578,543,1194,436,1642,1908
1474,1042,1099,34
1574,189,1258,529,729
1192,1412,180,1477,1672,1306,641,39,183
220,1774,1716,1135,1205,1957,1141,579,1871,1214
1210,1892,404,313,198,1578,1269,1871
196,1421,761,1194,573,93,1450
1920,647,1128,1477,803,552,1357,1723
1403,475,742,1994,675,1894,1855
1767,96,1098,1541,1725,867,1077,1063
1782,1692,1629
860,1889,496,616,255,366,1770,1980,1177,1976
1645,1182,1030,1547,1137,24,72
1454,831,1879,683
687,1923,274,1681,579,451,188
1075,1885,1429,1796,1759,233
962,1146,1694,442,1156,1647,258
1819,639,998,614,1433
445,1265,1619,922,416,501,1702
1,939,989,1769,857,557
600,1672,880,343,902,1212
1876,175,1246,996,230,1808,1070,329
1220,699,730,440,1906,1011,1517
1075,1168,582,540,1728,1196
8,440,1363,1205,1018,753,358,90,1295
1596,1090,86,988,1109
483,401,1406,301,1184,1936,1678,1149,1493
1958,990,548,998,1260,642,480,1821
1654,1871,689,164,323
93,280,1434,1965,183,1289,638,1571
1866,627,568,754,1404,547,905,1721
49,1679,114,679,1023,1999,629
1857,18,1824,1228,977,36,211
1791,903,1630,833,1392
510,545,1444,1168,660,7
284,1275,774,362,1705,1771,657
454,1648,467,590
1443,1177,1383,1943,251,1186,569,495
105,712,203,922,1996,517,245,1826,1352
1135,1858,614,1334,695,1813
0,1377,1226,1986,136,74,789,1272,526
606,1610,2,1612,885
1698,1770,1808
1154,90,540,1454,103,1993,130,1873,1859
191,1908,1059,1281,1993,303,1760,1768
1782,1513,733,523,1542
223,1180,495
1331,1641,1618,1492,1844,1430
259,1166,125
328,1277,661,629,1524
1309,65,1210,609,1785,266
435,1056,1922,820,423,163,1021,1924,783
97,552,606,1397,765,1267,1298,691,566
1889,380,446,1113,1693,464,734,648,977
1964,292,393,121,620
335,1986,1223,737,1651,332,864,852,1626
1665,1445,1292,195,1832,962
1853,1469,1633,1613,537,1146,1237,1773,350
1341,587,1177,500,1907,983,1362,1484
202,363,1219,672,535
103,926,521,566,494,269
445,688
619,1471,679,244,369,1053,228,1355,1448
1244,754,1819,144,429,416
1093,694,561,1899,631,1565,456,1434,827,918
1257,522,640,1641,1501,428
147,454,210,119,1196,1083,1377
1297,583,335,1035,1509,1159,1961,1933,1823,1396
902,1598,1018,345
654,447,226,1179,1289,45,338,891,141
132,899,1557,259,852,1971
584,706,1507,977,1700,1463,715,776,1054
977,799,546,1379,1453,1819,1299
31,760,1795,928,1350,1436,241,1392
218,959,1506,1141,1025,916,1408,437
1780,676,15,1909,224,518,649,1836
192,447,151,219,1851,628
1867,1101,711,1302,1709,575,179
831,1046,888,1643,1569,533
1674,193,1062,1795,1262,17,1126,1703,1538
1354,534,757,1012,1830,1170
1059,1319,588,1166,1508,484,53
1622,72,1135,641,1601,974,466,1094
1171,379,828,1790,1027,1535
1722,1597,1780,1127,551,678,1791
797,809,1010,151
1623,813,1254,1967,383,564,656,1747
1680,1898,429,883,1542,1525,1267,1920
1277,1065,158,383,483
820,647
1598,195,1479,1263,829,1838,1973,529,1310
1021,418,1322,152
655,784,1260,202,1923
1715,1335,1661,203,1386,65,351
838,1250,1677,47,1074,1145,310,727
184,1981,1808,652,169,719,1831,83
761,625,441,1088,1484,1638,683,1837
1984,1022,547,1880,266,931,1296,765
1482,1672,78,1320,413,1487,1005,373
204,1621,809,1531
1837,206,733,1330,1725,136
664,1900,1839,1597,1255,1390,628,334,1697
601,784,728,1097,311
1216,324,1382,1501
304,513,1271,623,145,462,90,542
1514,215,731,1396,1168,1655
1287,310,1084,1053
1435,913,1563,933,881,178,713
1473,232,523,529,647,301,1362,226
865,1493,1499,887,1889,1877,440,1290
406,138,1174,1852
503,158,425,164,462,1772,1400,1156
406,1348,1034,1424,796,1638,139,1654
218,1915,1761,1083,1741,1172,466
1957,15,1202,187
71,1461,1375,898,1593,1448,404,583
1863,1544,125,1444,42,164
1664,1088,940,977,1338,744
880,53,607,368,1636,1434,835,401,1476,1028
1916,1111,1970,372,369
706,936,500,280,1976,1107
658,1569,594,1034,964,488
64,1091,351,661,1380,602
740,1784,804,22,1648,550,802,61,1549
85,1761,88,1431,1602,1752,984,905
213,88,1217,1949,127,453,812,1874,32
987,957,579,213,1607,1040
1286,1902,639,1211,436,46,351
440,18,451,242,1297,312
1575,1706,580,675,908,427,262
499,589,402,892,1203,330,850,1800
559,886,1230,952,492,1359,549,257
1176,1785,102,996,1733,254,1151
152,188,930,548,1136,494,1678
1607,518,603,907,1704,1622,279
31,741,166,582,1930,392
318,982,748,337,1720,1214,873
712,1924,1498,283,623,446
616,449,799
116,146,1640,1060,1122
453,1511,1332,698,443,239,677
886,1055,586,1667,1706,397
340,1985,1747,1551,1405
839,675,401,1521,907,1181
1655,409,1000,237,1540
978,618,1177,657
1744,1977,903,1028,994,386,400,475,1219
1696,721,157,519,61
756,1711,1268,425,678,992,1591
1087,1185,1818,1311,973,897,803,1668
1615,1800,422,37,622,478,680,566,347,1415
1707,1501,858,1699,1519,536
1583,1998,250,1517,719,1414,15,1092
440,1623,1038,1998,479
9,1122,309,1857,1447,858,218,595,1737
494,233,1762,1048,1754,1150,564,804,1178,1059
1150,257,1972,1427,566
1882,1656,1734,1807,1029
201,1184,139,187,1991,613,1632,864,401
1250,1693,389,1739,1303,961
1455,1165,282,1023,337,1978,1950,634
714,1278,403,684,267,468,1005,475,1664,1716
281,867,1114,1292,1768
1293,696,1288,1700,1397
969,273,524,1250,1157
906,1093,278,498,1185,265,208,554
1242,1387,756,1866,858,950
1890,1803,650,1876,1426,1487
185,1537,1642,618,288
1536,558,275,1538,1677
677,929,472,232,1418,119
366,891,500,1490,48,1893,241
1987,1267,894,1889,1760,148,810,495
8,1434,1864,1494,716,813,103,542
853,858,339,1836,469,772,1387,205
1393,454,1143,987,1936,923
1443,384,1798,636,695,1006
1663,1040,405,1916,833,893,462
719,683,354,1350,261,1062,1127
1270,1413,1425,1155,1630,1851,228,1372
1575,1640,1798,1252,1930
1235,1801,1200,1434,1559
1626,747,936,1536,1346,542,1439
551,897,1402,822,1632,1690,1523
1767,100,804,1410,1026,1103
1619,714,1742,830,448,953,1786
1623,1933,111,266,383,370,1729,2
864,1291,593,1955
1219,1343,1180,522,1953,1339,110
874,387,1256,1476,514,1811,850,1459,1339,873
1067,1327,1860,1598,1505,835,727,744
200,415,2,1048,57,681
1612,1538,1396,575,1008,1134,1968,984,248
975,1058,718,994,1719,137,139,640
1104,1105,1514,1381,1220
1079,227,567,469,1368,1273
373,1832,1437,804,1454,1540,1439
1204,836,1949,1792,101,625,68,1306
295,1883,725,160,107,1497,1863,763,1636,1138
1610,1217,1836,981,730,508,1602,805
881,1093,324,1848,1562,1473,991,352,990
266,1702,1674,1371,212,922
885,1849,823,1419,1632,288,954,293,1297,1352
1695,525
93,1405,1325,1575
16,177,1882,554,745
1070,1903,138,1414,995,447,47,913,1594,1379
608,1917,1430,847,1021,1231,618,1420
1425,1016,1131,1117,1685,308
614,1192,1917,1566,1717,1354,1619
775,1330,1995,1662,1149,1986,406,74,9,513
302,543,951
1009,1356,303,1544,1313
861,206,964
916,1912,1204,1821,1097
1879,1366,1692
1145,25,1444,1140,1593,1225,1514,832
11,1931,642,1814,1562,1846
1309,1816,1654,734
323,1874,1081,1342,636,1682,194,384,962,939
1275,553,1896,518,1276,1417
1150,686,839,1507,336,345
908,1959,1215,645,1534,51,359,1362,476,1532
1399,541,1249,1046,608,1848,1422,992
349,838,1800,1979,339,1169,1194,1024
759,1944,1062,1289,1080,1276,1705,464
1403,796,398,273,319,1858
734,1275,471,1026,676,913,103,1376
1276,1245,445,1249,1900,1318,1727,612,1385
1997,1317,1006,1949,1541,1801
1698,741,1075,913,127,1285,1529
1417,1393,1309,42,1398,613
1170,1702,111,1223,1996,196,1865,1661
1332,673,773,1100,291,1533,1240,1306
675,1284,462,557,234,607,703,1203
1386,619,1766,1430,1704,873,53
1724,974,1314,1803,437,997,971,1355
924,34,58,425,1059,1480,878
765,1731,920,1010,1057,923,1861,418,811
1526,946,654,144,26,895,1867,1380
1092,581,1632,1227,1828,843,1039,970
1468,1056,1163,125,904,1943
479,1872,1702,852,499,521,899,1829,1227
1199,1516,1552,1315,1692,909,1502,1846,1914
860,1010,704,1920,1210
411,398,1199,269,896,1820
599,1569,135,1599
861,694
1218,1823,1341,1609,1268,733
306,409,1088,1243
1192,627,1954,1084,1917
1265,825,1607,1676,76,497,1759,1059,378,1849
1259,95,388,1819,1010,1140,1560,535
1705,20,528,1779,968,279,1437,1689
968,406,1170,1074,308,773,1796,1542,729
508,1215,1711,315,1643,1265,756,215,565
1314,740,1681,1953,934,256,1483
1767,200,143,1659,628,741
1348,609,1498,692,150,1443,835
1073,1420,71,1098,1896,443
937,1066,449,1032,1926,1607,1749,755
987,268,307,1732,277,1453
162,481,1330,1430,1436,1376
437,1591,1930,423,1726,1261,1421,1762
1649,441,1552,150,1896,1114,285,369
1203,1683,1854,1901,1169
96,280,511,1587,1903,1503,19,1718
935,820,190,1086
1205,653,1249,362,1354,1757,142,1720
395,435
108,1033,1664,1716,238,796,285,126,1021
584,10,1049,1896,1747,1068,244,364
465,431,1090,1224,1457,954,1805
803,1428,1348,1210,593
594,1053,1341,1293,1566,1859,1448,864
250,1403,426,518,1423,783
802,639,1415,1820,1702,899,383,248
1732,348,1286,1461,116,609
986,823,960,1830,1791,1205
1855,1645,1980,1514,1212,1209,1151,1921,642
341,1898,1088,780,1979,992,1924,889
53,1552,50,489,788,1208,230
1431,69,972,1613,615,1547,1236
293,340,1487,208,785,832,1144,956
1521,756,783,1871,1870,1973,1262
1996,1518,565,941,1855,1923,251,339
719,1375,1056,794,1915,787,1693
1493,1816,498
1092,624,682,1220,1924,745,1656,1983
263,1878,953,1387,1843,628,876,1592
1035,355,1540,958,718,1189
833,23,461,1280,1040,185,573
489,1496,1763,1240,26,1487,84
1106,327,914,363,566
447,369,397,1998,1166
511,1497,965,1392,211,1657,1751,112,44
705,1259
691,1778,448,62,1528,699,809
1723,1892,560,127,326,1159,1320,324
1494,375,269,696,933,286
1509,232,250,104,1387,916,1206
1919,292,1833,422,775,1413,1730,934
819,198,488,923
459,443,1126,1995,1900,776,624,1912,979
523,206,1411,923,1180
241,773,1459,1801,1052,1705,1791,797
359,644,1483,1772,903,464,252,109
997,725
1351,656,105,733,1100,1732,1523
275,1019,415,1656,621,1149,1680
1535,145,1636,175,1827,520,303,610
1870,176,625,1441,1658,727,1148,666,1292
1231,231,129,561,740,106,887,292
1479,106,7,1596
1046,1836,1616,1838,707,1765,365
1204,1634,1013,24,1396,1078
21,664,1741,897
1663,1495,1764,1763,270,1220,1791,1101
938,1244,702,1085,676,581,763,1760
1902,1760,1850,1643,942
1025,552,190,1312,161,988,616,827,1889
257,57,506,1154,987
1439,799,1477,1920
1555,580,1709,1968
1270,1780,1672,1617,1666
939,753,1287,1345,185,617,842,209,1515,1422
1100,657,1824,1643,53
1251,1293,1697,1048,1255,51
1728,243,430,1057
1806,1357,1396,1958,1618,1748,370
1518,35,594,1792,839,1892
1069,1524,512,1977,1575,62,380,915,1870
947,83,1609,1457,1225,1389,1614
1754,1940,1469,389,383,37
925,1646,889
1898,1532,69,1207,1838,987,84
692,949,1635,508,1464,65,40,665,1786
1218,236,382,334,398,1529,112
1158,516,1887,346,1112,1543,972
101,1752,309,1116,1229,732,92,1499
1184,357,1075,966,1740,226,625,272,32,653
1792,507,261,617,1249,1772,1991,960,680
625,25,590,1727,1089,602,119
1733,1379,1349,911,430,899,707
1840,1624,553,82,214,532,681,1523,1274
1167,1108,627,1115,1752,1803,1601,1473,1388
480,1555,573,1971
692,1950,1025,1570,1797,586,1934,221,874,329
1238,667,1081,1082,1547,919
1477,1013,724,1547,128
881,201,451,987,1358,80,1437,1922
974,8,1764,1841,1064,142,1811,397
702,258,1820,1971,1624,737,1669,924
1996,1401,504,190,1218,537
1210,1104,896,352,1683,1799,1439,644
1858,899,1012,1848,1267,1671,441,1347,1085,1862
388,805,1578
323,1922,1789,295,608,1885,881
1470,1264,953,1934
1109,439,872,1656,268,445
1483,79,1707,600,1786,658,32,1788
1115,152,1540,1372
841,1829,288,1046,14,1739,176,1296,1509,1406
1242,1684,590,461,1741,766,1554,734,536
19,1038,1056,1673,415,306,408
183,629,1914,259,1908,945,439,1874
274,1392,726,608,1157,742,507,1845,1484
269,1016,586,387,733,34,1721
712,292,1178,1610,1853,769,802
1197,1405,1067,1784,1894,1159,990,1696,78
1313,1124,940,1721
1207,535,1091,576
163,794,613
1163,540,490,1509,1405,12,1054
853,949,360,1989,1740,1484,351,296,1842
1100,828,173,1400,1668,1374,625,1476,950
924,1885,766,117,1729,164,663
1239,491,650,1741,1657,487,1642
64,804,88,1100
1032,296,901,1555
1662,1041,1475,618,1708,1519,1551,280,1967
140,771,1966,1003,717,388,642
1073,1813,1488,1663,720,673,449,1968,1355,323
1127,827,281,113,796
1615,500,1996,697,1005,837
1701,483,267,1575,1451,413,956
1343,827,31,1207,355,653,1045
768,1530,1899,434,289,1680,1410,712,1830
475,1571,121,136,294,1018,74,1544
123,1525,1655,365,1653,1595,981,696,1075,366
1883,1074,940,711,792,909
1854,1653,718,39,1064,1850,1126,1430
1690,1766,1399,573,1000,1590,1651,376
1511,1785,790,32,803,1431
706,1793,518,366
1209,464,72,832,1096,975,977
1717,96,1620,57,1363,1568,688,42,1525
1228,1025,788,32,986,959,178,1491,1669
1302,872,1119,461,651,38
12,1840,687,162,207,337,1789,1871,1409
547,1885,527,692,224
420,1288,1705,1682,1212
222,1511,1043,1357,1504,1754,507
523,300,648,258,359,414,533
1098,767,1693,1481,1670,1144,1397,920
1263,900,34,1293,1064,1340
974,1628,1077,1544,1134,632
1161,385,1226,261,1174
1148,725,742,5
466,314,495,322,990,1868,954
1488,1402,1696,484,666,1926,1710
1394,123,1005,1962
1230,180,543,1869
1436,1772,1378,297,1159,1348,1023
1952,244,373,1795,786,1047,1993,650,322,1378
961,1094,255,1890,491,349,536
1768,1346,8,776,1890
1905,968,346,1578,542,578,1391,1262
476,1077,1346,960,1694
1136,1338,152,1128,648,1195,1723,947
692,1683,478,210,599,1268,1037
1452,1697,1515,659,388
1611,1985,0,1775,1459
1380,1104,509,175,1690
358,283,1581,730,164,504
974,556,1648,1387,762,1123,1215,1238,175,1693
1156,197,1961,514,1355,414,278,1496,1185
767,1827,1044,1706,769
584,1271,178
307,945,1478,763
1027,1303,152,325,1896,160,1177
981,1226,1244,642,934,1954,1617
901,1924,537,236,72,355,580,1213
662,202,595,1426,817,1394,696,660,828
1746,1766,435,1622,1584,1961,456,1647,1772
35,549,129,1028,1998,318
313,452,191,901,1827,305,1027,1946,1012
1498,1269,1087,1464,1492,577
1076,1005,317,1829,537,1443
329,667,1972,1839,891,858,19
716,421,1274,754,1703,1305
1554,1505,1527,56,647,1827,122
951,554,714,1215,1568,1990
943,96,1106,1048,359,381,1701
647,1681,554,746,909,119,345,182,890,91
15,1199,228,643,351,71,1202,1955
869,1678,1564,1518,1993
1428,1540,975,781,1921
777,454,200,1904,1081,117,1909,1268
1063,1927,164
1672,1838,1915,1196,1336,1460,1562,504,63
346,373,1815,164,1972,756,480
197,1476,219,1655,1183
569,1181,722,828,586,878
1950,1794,714,228,1967,330
1598,1272,1845,845,864,1638,1060
514,308,1671,525
623,591,194
132,1742,1624,481,1354,1405
87,1020,745,971,451,527,146,36,737,688
504,1414,214,1221,881
1561,1231,689,573,1419,984,830,1432
1093,210,478,754,1195,1796
1494,740,578,1220,657
37,814,1884,1563,518,686
67,1542,1524,531
1603,1085,1143,1611,653
1221,1144,1560,320,979,1696,710,1111
627,697,853,1089,1580,1997,1113
1534,1933,325,1910,457,1618
1572,121,703,1952,1454,339
310,662,269
1152,332,84,1059,1177,295,80,1382
1091,1197,463,853,1013,1989,938,966,1695
550,1410,1036,380,965,1594,299,1095
1835,938,1804,1305,627,1063,319,1093,32
549,1238,804,24,1728,1735,1816
1677,290,28,1850,1534,688,1809,320
1135,1572,1121,252,1765
1876,1516,1767,656,1452,1742
834,1334,1332,204,1043
53,1214,1763,730,411
768,1803,1941,1086,733,1606,1347
542,651,1213,1833,1846,1335,511,617,1229,1219
209,508,174,620,567,289,1683,1035,971
202,1274,538,1188,1465,119
1323,1757,408,590,1304,40,1549
1195,73,962,560,1476
310,63,975,339,955,412,1695
386,1596,669,1742,1497
1049,1034,1877,326,202,725,1943,777,153
702,1495,1745,591,165,1564
277,964,1136,1305,1430,1915,709
1959,200,358,1448,830,1884,1150
1892,1810,1604,1678,635,1166,1503,645,873
97,1786,785,672,1961,1318,1895,505,1505
1018,909,1678,873,178,76,1216
91,1246,1161,588,1806,606,858
1688,761,384,1831
1040,371,1894,1308,1409,1960,41
375,1996,1147,1523,418,1961,788,315,477,1541
1496,787,1254,754,715,1434,1717,1290,210,1689
803,444,740,1761
1511,258,1253,1474,147,796,1687
1759,1864,1718,780,1620,160,1990,1725,1265,1219
158,1932,1358,831,1400,367,1512,244
1757,1077,9,1276,331,1383,351,93,734
1548,1252,194,264,1013,114,1024
1232,1710,1219,1442,947,898,1214,624,399,290
1815,616,385,1527,216,1306,1907,1942,582
1976,985,1970,1156,472,362,1248,316
407,371,409,102,1039,1438,597,1275
1738,85,1366,668,1432,1593
287,412,369,446
1,248,704,183,883
484,176,1598,5,1466,990
331,1052,1852,1280,1409,927,289,229,104
1331,488,980,428,259,687,378,1136
1934,157,151,1068,534,607
1217,185,1170,1229,1230,281,1305,36
1708,482,1931,1764,203,1723,403,385,1172,229
1964,1763,740,377,400,478,19,1451
43,1760,1222,3,452,151,1530,1705,1251
1185,956,912,590,1160
531,240,1679,642,971,1332,767,1059
275,1235,1802,1765,797,1970,250,1213,1416,1998
1251,1930,1130,964,1210,741,1628,1267,1655,1928
1239,1195,169,378,756,677
1883,1831,54,214,33,1482,1076
1299,107,1252,1509,1586,1286,1219
1022,983,1651,1777,748
614,1746,1363,1462,893,648
220,1200,1039,612,1476,640,1036
1291,1840,354,63,487,1439,955,93
32,586,1146,1923,1212,931,1431
270,722,1174,1105,1586,914,578
1752,166,1652,1874,1016,336,46,1725,1525,1275
145,466,1383,193,1346,1360,106,1357,695,366
1589,1337,1619,1188,367,957,588,699,1499
528,1962,831,1933
1700,161,1680,504,1050,860,1686
656,818,1453,672,260,772,573
900,483,1515,1892,1848
1899,1104,1173,755,679,1521,1875
680,315,114,1510,1080
1161,352,866,893,1054,895,269
1622,1793,1352,1675,1269,56,1238,178,589,1861
943,95,1515,525,375,1113,1458,108,1825
788,582,1403,1923,482,1973,199,379,448,1974
184,1452,453
43,970,1931,34,1393,704,1015
1246,1419,613,906,973,389,39,307,1471
1595,200,1729,1476,26,307,1375,1681,523,970
157,1904,802,321,647,982
1550,1949,1143,1567,390,139,1481,1836,741
144,450,13,412,1964,1795
1607,1397,1965,651,604,1998
1552,607,1517,266,1694,241,1488,187
1553,903,314,368,1747,1120,7,1430,1424,1548
249,408,302,1581,1547,1389,1153
88,532,1685,163,968
1183,310,939,848,1017,914,1809,622
589,474,1268,1795,819,1836
